ρr,ϕ,r,Lr,pr,Sr,θu,θr
0.18366873264312744,0.02218860387802124,0.19457924365997314,0.7288625836372375,0.838413417339325,0.8876135945320129,1.0,1.0
