ρr,ϕ,r,Lr,pr,Sr,θu,θr
0.19614565539649748,0.01975397370610177,0.19741056114012753,0.7601543746296435,0.866527937719088,0.9022421261612528,1.0,1.0
